/*
 Navicat Premium Data Transfer

 Source Server         : mysql_localhost
 Source Server Type    : MySQL
 Source Server Version : 80016
 Source Host           : localhost:3306
 Source Schema         : access

 Target Server Type    : MySQL
 Target Server Version : 80016
 File Encoding         : 65001

 Date: 01/06/2020 23:56:08
*/

SET NAMES utf8mb4;
SET FOREIGN_KEY_CHECKS = 0;

-- ----------------------------
-- Table structure for company
-- ----------------------------
DROP TABLE IF EXISTS `company`;
CREATE TABLE `company`  (
  `id` int(11) NOT NULL,
  `name` varchar(255) CHARACTER SET utf8 COLLATE utf8_general_ci NULL DEFAULT NULL,
  `address` varchar(255) CHARACTER SET utf8 COLLATE utf8_general_ci NULL DEFAULT NULL,
  `phone` varchar(255) CHARACTER SET utf8 COLLATE utf8_general_ci NULL DEFAULT NULL,
  `email` varchar(255) CHARACTER SET utf8 COLLATE utf8_general_ci NULL DEFAULT NULL,
  PRIMARY KEY (`id`) USING BTREE
) ENGINE = InnoDB CHARACTER SET = utf8 COLLATE = utf8_general_ci ROW_FORMAT = Dynamic;

-- ----------------------------
-- Records of company
-- ----------------------------
INSERT INTO `company` VALUES (1, 'factusol', 'cll 320 - 411', '+57-300-551', 'test@gmail.com');

-- ----------------------------
-- Table structure for users
-- ----------------------------
DROP TABLE IF EXISTS `users`;
CREATE TABLE `users`  (
  `id_users` int(11) NOT NULL,
  `username` varchar(255) CHARACTER SET utf8 COLLATE utf8_unicode_ci NOT NULL,
  `email` varchar(255) CHARACTER SET utf8 COLLATE utf8_unicode_ci NOT NULL,
  `password` varchar(255) CHARACTER SET utf8 COLLATE utf8_unicode_ci NOT NULL,
  `created_at` timestamp(0) NULL DEFAULT NULL,
  `updated_at` timestamp(0) NULL DEFAULT NULL,
  PRIMARY KEY (`id_users`) USING BTREE,
  UNIQUE INDEX `users_id_users_unique`(`id_users`) USING BTREE,
  UNIQUE INDEX `users_email_unique`(`email`) USING BTREE
) ENGINE = InnoDB CHARACTER SET = utf8 COLLATE = utf8_unicode_ci ROW_FORMAT = Dynamic;

-- ----------------------------
-- Records of users
-- ----------------------------
INSERT INTO `users` VALUES (0, 'default', 'default', 'default', NULL, NULL);
INSERT INTO `users` VALUES (1, 'zayros', 'marlon@tipcolombia.com', '$2y$10$hm0IkIoVec8Bbb9nPW4XoeC/2A/xlFF5XCTJX1d.w2Bp/dmNd9jGK', '2019-03-24 01:57:59', '2019-03-24 01:57:59');
INSERT INTO `users` VALUES (7, 'xbruen', 'stracke.floy@gmail.com', '$2y$10$bijZ7YpysDXr47X.rlaRS..3I9XfjkFEQkAkGF4UVw40hpuNARUjW', '2019-03-24 01:50:51', '2019-03-24 01:50:51');
INSERT INTO `users` VALUES (10, 'zayro', 'zayro8905@gmail.com', '$2y$10$X6zBzWhS5Fhz8ejIysDog.r3AsDlVqgASaK8LSQHmWh8NlepnyjQO', '2020-04-25 00:10:23', '2020-04-25 00:10:24');
INSERT INTO `users` VALUES (63, 'uhirthe', 'bartholome.wintheiser@vandervort.com', '$2y$10$OB3RYuzbzCIh01fHqgn6C.DK7nqUhKbJHWW2gxktfoF3heWI7iRrq', '2019-03-24 01:50:51', '2019-03-24 01:50:51');
INSERT INTO `users` VALUES (29680, 'shanon62', 'xparisian@hotmail.com', '$2y$10$fIaQ92cIdXzFcCxglzHX7.NfuT6Ei8xgnCPLzZLEviBZbEIRXn90S', '2019-03-24 01:50:50', '2019-03-24 01:50:50');
INSERT INTO `users` VALUES (33561, 'verla.reinger', 'lessie.monahan@yahoo.com', '$2y$10$D1IX0adt1QS8T3YfPKvUWeqJxAGJDFv1KgoicHQ24PLv7maXw779y', '2019-03-24 01:50:51', '2019-03-24 01:50:51');
INSERT INTO `users` VALUES (61222, 'satterfield.jalyn', 'langworth.jonas@hotmail.com', '$2y$10$N9yIysYDShm69vZAHmUit.vF27c0OH8Errj.OuCSU3XOGuT/NwX0.', '2019-03-24 01:50:51', '2019-03-24 01:50:51');
INSERT INTO `users` VALUES (87400, 'rhomenick', 'dmitchell@schmitt.com', '$2y$10$fTpu/Sk4TTP8QvwoMlo0oe0FUH2jlRFtkCANMSl4It8bIiEvqJKqG', '2019-03-24 01:50:51', '2019-03-24 01:50:51');
INSERT INTO `users` VALUES (7215715, 'nedra50', 'harber.gwendolyn@white.net', '$2y$10$0ns3OOnbVuX7s2jt2E.1ouU/TEJkpKjNihVLwGFA8T8sUbmyZ5yKa', '2019-03-24 01:50:51', '2019-03-24 01:50:51');
INSERT INTO `users` VALUES (74580478, 'zrohan', 'irma.flatley@vonrueden.net', '$2y$10$.3nZppsG9cz0RCfWSNEh9e7rX/tK.KUKutrGorJbfcR4uvkE8xxUy', '2019-03-24 01:50:51', '2019-03-24 01:50:51');
INSERT INTO `users` VALUES (861461762, 'arlie.bergstrom', 'theo.johns@gmail.com', '$2y$10$lKZ0OGYpyNdQ8rm5M3YbE.tz5MQpfYfhygG3HX3UPACFX7zEdFK9S', '2019-03-24 01:50:51', '2019-03-24 01:50:51');
INSERT INTO `users` VALUES (954799259, 'verdie.rogahn', 'pdavis@glover.com', '$2y$10$HsdkQ.j86rWA97EOyLriU.5kwlP0fUTeOr73Q8tY4dzf2ZLKCdguO', '2019-03-24 01:50:51', '2019-03-24 01:50:51');

-- ----------------------------
-- Table structure for users_information
-- ----------------------------
DROP TABLE IF EXISTS `users_information`;
CREATE TABLE `users_information`  (
  `id_users_information` int(11) NOT NULL,
  `id_users` int(11) NOT NULL,
  `first_name` varchar(255) CHARACTER SET utf8 COLLATE utf8_general_ci NULL DEFAULT NULL,
  `first_surname` varchar(255) CHARACTER SET utf8 COLLATE utf8_general_ci NULL DEFAULT NULL,
  `second_name` varchar(255) CHARACTER SET utf8 COLLATE utf8_general_ci NULL DEFAULT NULL,
  `second_surname` varchar(255) CHARACTER SET utf8 COLLATE utf8_general_ci NULL DEFAULT NULL,
  `phone` int(10) NULL DEFAULT NULL,
  `image` longblob NULL,
  `id_company` int(11) NULL DEFAULT NULL,
  PRIMARY KEY (`id_users_information`, `id_users`) USING BTREE,
  INDEX `id_users`(`id_users`) USING BTREE,
  INDEX `id_company`(`id_company`) USING BTREE,
  CONSTRAINT `users_information_ibfk_1` FOREIGN KEY (`id_users`) REFERENCES `users` (`id_users`) ON DELETE RESTRICT ON UPDATE RESTRICT,
  CONSTRAINT `users_information_ibfk_2` FOREIGN KEY (`id_company`) REFERENCES `company` (`id`) ON DELETE RESTRICT ON UPDATE RESTRICT
) ENGINE = InnoDB CHARACTER SET = utf8 COLLATE = utf8_general_ci ROW_FORMAT = Dynamic;

-- ----------------------------
-- Records of users_information
-- ----------------------------
INSERT INTO `users_information` VALUES (1, 10, 'MARLON', 'ARIAS', 'ZAYRO', 'VARGAS', 301319930, 0x646174613A696D6167652F706E673B6261736536342C6956424F5277304B47676F414141414E535568455567414141446B41414142514341494141414173675570414141414141584E535230494172733463365141414141526E51553142414143786A777638595155414141414A6345685A6377414144734D414141374441636476714751414143506C5355524256476844315A706E6478746E737133353052354C7042695167633435414F68477A6A6E6E6E444F7A4A48746D3172712F662B3575554A496C6A57664F2B5871674D6731424950423076565737646F47387950513232643732572B523775304A2F58526A7353714E6464624A72497161377A6D7A582F52627A58586468785843784879364F7738587035316A39454E50566166595736394E7363317239547A486657452F374D2F426458312F684974745A6E5750394A62727262472B58486578797731316C764B744E646F3370767655665766384E464C483862367A4C722F45543472663472367A64566236334C6653527A683375664D39717066614D6939542B784E722F4C3679497237696A37316B5233304838685067742F7049564C7A4B32574875727648586F5730533276384A66725749413632425848477A4C6F32317462465843393641445549494738525069742F694F39552F51623347472B416E78572F7A454373724A31794F367941355750345346432B67646F6A42596C3459627050594C36352B67422B75622F785072563141456B76457A4B4F4B2F46735033724A50316E7938315842332F6972562F5A6832387361374232706A73326969444D2B735830482B507430796637794F645341626968774C34466D4439467076543469395A7A2F2F364C6150444A6570746635456472624F6A5458613073324B342F7036374D466939735671434D4E3231766C54713461666B2F526E4C34397564767A373666342F2F777672314F654F3331467139735150726D664A72354B7A5935733751503745323537764F472B7466676C6F583843586C58316B50382F554A4D56736472566965593358382B736A2F6968585047612B676A4766572F476954482B304B333058522B72724E447A664634615A387274662F6752562F2F564B70582F4C61366B2F716A655A794E72302F486F36482F5761316D4D326D30396C30507039764E7476392F6F422F476B33572F79745736366F4F6B38554F635146684B67355778654736416F55613763706E31726541766C71672F3837365276596A61476534724E536255544F596A6B657178665275506E342B3770395068366548342B4D3934674275784751384C68647A685853346C45734F6874502F7947726C2F687876683744594953374156786C74454C6A7A466862395A466561574968765551667237456457494C3746346A535948357264635449654B5761546E575A6A314F754D5772576E2F66715035386656664453666A56614C7857773671395671795551696B38336E4D356C534E6C6E4D786D7146564C3163484D2F57792F58785A395A76385158364D4676744C37356B3772756F544C3545665971685A5955464F6E767272554E7663657774542F325646543345346C697056444F70564B46516E4933483355363757716C4F427233504C342F6231574979486B35476732616A6E55696B565631504A474C31576832732B5853386D457556632F46794C6C624D5A2F7239305466574E7948376B2F684C4A56687867624830665667702F414B336238364F7A646D704E5566733278626F76727334645A656E3775704C644A6148516A36665379554B7558796A55652F336575313273316D76443775647732347A6E5935362F5634326D354D565452415653665A6E556F5679715A5A4F4A41725A624447544B4B5A6A78557930556B68755637506E68346631396773753471395A7A30772F685158614F6C4F3241666647747A692B336246796559373264464F755670726C516A715A7270544B673135764E706E3032363142702F33362B4844613737724E42764B64544B57693057676F4850454867724659764651736C664F35556A35584B2B614772644A7955446D7478793850322B664830384E687439767331687572487044614C36796F67612B316539475A6E7A717A623346737A2F5A77565A3335486F666258357A3679394E67645137554A654A38487933563641374B7858797A5773776C6B386C45736C6D76346278586B2F3571314470746C3068764F70304F68384F78614353545469586A6957676B616868474B70556139676633782F335463582F634C4A394F6D3938664E683950793966377A665039357658783848725933473857323833686839532B45594F317430444E66596E752F4E69643758747A2B424C45305771647432622F31764C6E4F3833654F42344A3942724652726D556A4551376A647177333132765671316170566C4D36376F754B3771692B5258645550576768676759716A385169796276547738767A3538656A7676507A302B666E303476392F742F2F49362F372F372B2B666E333139506A66766C36574C2F7535692F622B5836372F7A4F3133316A2F524547376E496B746D625443656753712F6E3330462F744764346A4F474C614B773359744859755563706C326F3937746F6A496E364B70794E715A49716943706B71624C6D6C39532F494B737832507054717662365852666E6C382B662F373934575370324D74702F2F46682F2F71772F6678382F2B6E6C34592F504C333938656E6739625A373379342B6E31664E7538584A2F584F3775763866396766574C444C3364787A69477A666E32314D3170744E6A6C636F5636745444715672614C59546D54534D57693955706C4E42793232353173706841305171474172716F717A6649554B3471796A696F6F464D72442F6D67366E6E58612F552B766E31356658732F7A5958633637422B4F6D396654377665584936412F50542F3838656E3548353966666E2B352F2F33352B5047302F6E687654593176373437346B66573747434874337A317673747758432F6C79506A746F562B6244567165635338666A68574A35743973743573746170576F61495256484C2F42364D4D44777371426F6D56532B556D70557938314B755634716C5648424148303433542F656E78346648702B66486C2B66487836504F31544379326E352F4C422F65627A2F2F5072307A392B662F6E69392F2F78386644376965726266562B30464D766546373866712F493731434E426D71776C464C475554375771323379786C552F46304F6A4F64546F2F48773644664E3879494759707850474446544D494D52794B35664B6C5762565A4B7455617467655048637A4C7044424152442F66337A342B507279395054343948794D562B4E666E3864486A594C65373371384E2B39586A616658712B2F2F6834654E78764470764E664850386B3357322F65706C2F674E72707A2B6F6C737670524452732B6B322F6C45324555676D5147664634764E314372545A537162536D42314C5A6B69687069695242695342626C584B7457713655433656696F5169563648553630556A3865446A64337A2B656A71664E657231617A69666A2F6D7736337335366D31483774426F656C75506A657235664C302F377A664E7065317A505471765A616E50414548374C4C6C6A766B5672307A6665673331674834326B3647596D59526B43544E5A6C5452536F56436D694B7243674B2B74303054563333363335546B72566F5043314943732B783832467A30476C32797056427339317674616244536174654851304732557A3263482B2F3232786E6B2B6D77333238323670315766547961507577337538566F3042324D652F58316650537758613558692F5671746C2B4F4436764A5A6D76703178767578584C2F4F4E2B6532773177622F453135355056766C7A496D41462F514E4E55575A416B54706545734F486E4F495A6C47526E417369774B6E4B616F666C334C702B4B3151726157533030373155572F30327467326965616C5879764363556F6F78636E6738484835356644376A41613943656A4D5A4C64626C61586B38484C5954455A4E767139376D54635730783779306C764D7839743134766A5A6E48617A7662722B6476554265374635764330336A387564772F4C37663179653749432F346176752F7461765A704A52494A2B54524A46566345584C716770735642516C6B52423442555A52793459756D547153696D66475851366B574451304A52694B6C77765A4A507864434662516C666C73726C536F646874317375353348492B425265537431327468763365754E2F62726161503277573672394E716A6B6539785779344750664776645A32506A68736C6F2B484665703476766D694268653734784E696178452F726661507139336A436E64325436505A4B686E785230304C6C42634655654946675174726B697A776D4543425145446D5363726E466C6B365A456278547450524550714B6777366F386C753956696F4E424D5A7772564B766C4D7668554268614E52324E78703371764E383437725A37564F31387570304F75383032436D4F39584735587347587466712F566256585161672B483166316D75747A7376374B656E7177413865467865336A63484F3633352B6A33653346444D565365357A6C653541564A6B43564246336D2F716F6F63457753305651514B782F4F534A4D566A386331364E353874536F56435042517570684F3964694F66793248795177336172523473537A615433364B6E6C6E503468474936755A6F676336746547796B63373965727732594E587A6162394966395A712F62516F6D6A414A3550712B4E36744E6C73666D5331634239326B413472547376564A684D4C5258526545526A51694D415552556B515249344E4B434A5354544D3079334B79724771366868774841304834715477386C775659694556442B5851736C5979465135464D4B6C65744E4F7131466751422F764334322F57376E6556384E68735038756E6B624E532F337936506D2F566875356E5078714E4275392B744E32724661715530375652653731656E31514164426C414977486573332B4C774D4A3075496B453146565A70786D4C6C7A785741355049306D59706F4F70524A56694547484D73524A43334A5369415962446161697149467A52444571744E736C6C5078647130653941654D594367536A7357693056773269314A3466586E656254663368774D385464624B37764334484B2F486F385634504278306B6335424679346A57386A6C4771586970337559384E37444375353243365736324A2B6545442F68516A57444371744A4C454551464A71653430546769594C476B7946644D50304B7345554A365A59555665484F4E332F4154314D3053564B68554C6852627A57723556777961766744304C7345444545715669706B6D2F584B342F3344636A377674427531636D6E51363361616C63667447506F3661445537725559562B5377577172427775557931564E6776686B2B6234634E36744551766776583056367A52594E417673677250734A78416B4252426B6F6F737969496E383554414D6547414767723655635734426B455163443167354867576C2B4E304F7430656A3672716C6953566336694E6143534D776D693336725661735A444C5748617361574668725A6D4D52763132637A56754C77653158727661377A5578503072466641307A4A4A384738473435766C39326E7A5A6F4F327843523476314A3942554C43617A744D4C52666B5641392F43434346626F7179627869694A784C4B73496244474264686652646A52466B51516838414C755144456346717962592B696F47616A6C30716C3448472B4A47675A707439334D5A5A4C3733615A5A72574B5477546A6F397A7144546D4D32624131616C665730502B673175323034683077756D79726B3075313666546E75507137374C2F735A356A41323735395A313774544B4F415847557268325A6742576B3556745344476763784C416950774C4D4F41796964787443366A4B6E684E5666794B46504C4C6D73676D51675A6D484153356C456E3261706D48335877783743364776646D6F4F783250526F4E65765662417870424A70315052654C565352676E4D78324F6F61612F56675036765A67506B75567A4B6C5971355A714D36413936347435393148746154303349345757307431734D35336C6A7239535A482B6B53476C6756426855497059736749574535414533524D4C55697446594C4530367245427A55356C5969334731564D6F4651736C4D4B476B4569676E39442F7058797133797058636B6E734B764E78617A377567715A547A574C7448673948325853716B4D31677875345834326D763057343270735032626A6B366270644148492B47792B56697531377535734D5454414A69336C38735A785972347669564E5A5649736F525035446763714D527A3461414B53356F4936544145554B4B4134646551343042515A4D6D776F5564445A724E5A513450302B2B3175707A556164764F5A6244776553795377746952785A3944763463466574373059392F7531346D62535859353754366664342F47495A58412B4773777776757146667273786E2F5A526E5A2B65446839666E6D4845376B2B6E7732713047376632732B4632324E344F6D2B765A3841737234713344734D304A4E43454B4543716559786A6F7671464A6F614353535365533655516F456730455961674455524E4E45374E384378774E5452492B482F724D4350706C69592B455462527A4C7075756C45754E657233586153316E342F5679756C354D446D754D7A643354413777704E6F4C54616276614C36664C535838356D3237573834665437754D447250664438794E6D316E6F7A376834576F2F57777465785756373336617454386B78574237425A7A576277356E425443456C614746466B695A506F7A4757736A4455646959644D4D2B565530754B3572534462326D55596856636C46692F6C6B4B6846465638485168454F474C4B47344B5646676F42377853436757446363695A6949577A7151534B4A76786F482F61725A344F4D46457A474E5948793332665072302B767A346550324A4A66446738484461372B574461627336366A57457450367A6D35703343443679495569344C71644C524D5A714B506C494652684E355856644D4D32414744565652777748594B336758415A4A51794D516D673259306F456F636A35627A347562782B487765752B4F4F394E673577695577627035305361795038446A636A6A7558342B623239747068762F4F34335A56534165767234323532574D3868756B2B506A37392F2F766A33507A364E3235576E33667A7067463132504772565273317972354B724A6B506A61755948317556696C5443446B43515630314D534B594C51524D3676537347416A6C6D4B58455A4D4C59693278306B4C664D5451477556734C68353032683033317A6632327A76373361335861614D38646F6E78366F49764B42462B6D564A597236457845754D5257523875774F5777336433633346786659306138344D512F5054346474316235506A352B2B766A36397A382B33782B337333357A4E78744D4F765657706469715A4A764656437558474A525446366637703238786E792F437569727A4445592F7A7A444357575568586746644E67302F356D5455554F465A4645586C425162374449612B312B6D3475727A2B6348586C754C74323261354A6A34306C3348364A43696C4D4B69524567304930494352446B716E51515A6C6D43526444754A4267322B3274782B6E61625A622F2F4D666658353865415031383344342F507543477057432F6E75356D454C7332444E6967552B3031533731535A6C7844445477386659765A62424841334F516F7943674F5665525A5743715A49374D525052494B6867774E70674279692B6B61437875596F62724D58313939754C6D36747431654F2B3358487363743662594A7443756F4D6247676B444B465245524A7837523453444A5532692F527944644C4F4877756D39743234376939686F482F662F2F382F64504C34327A5577387035574132336D7732633458457A3230356279304639314B71764A7233356F446C706C6A624431672B73772B454947677274464467613259574F71707147776F3045464E4D764B78494B4E36686A384F744B4F5A73496D35726235626A396347322F76584862626A3132674E6F5A723150684346326D516A6F623862505249492F5578673342314268445A77544B445662436465653033376751446A76612F2B2B6658326654455559444E4775374F533877302F36735864354E4F724E75613979754C6B6674316243394833642B594533466F356F73596751454652344C5674424169516174366352534159565446585259564E575566446165535961394875665631645748793875376D77384970384E4765687769343946464B34554A5130527159775A537179594D49617778495A304C5142776F4E2B31316B4636623133474C674A4938332B2B6855646A465637505230326E39676D56384E782F5663744E5765643576645376355669572F474451666C714D2F5765654C4A62595262436B597243472F464D616F4E514E6F654936485A614578756C514E636F72745836325830314456323576727136764C7933655841456267647633687875647A61784A74364777696F6956445369366D70384E794D69544844536B61344579565654674D52523948655769666D2F493663525456557536506A3838627241697A65536B5466336B34766A79647476502B664E6A7464357654627257575433647268634F6B2B34583165502B596945563056644956484A6C6B616C77413431555334564D42364A645A31414E32413678633258513045645875626D2F51557464585674786533396E7562413662376537323975626D316E5A3335336135524267476B513549744638676353616F4B3147674D4F316354676565646F33722B6E426A78645556524757336E4F3757474B6F72324C4856744C31666A6A617A7A6D3539646D4C44397152564854524B7977466D775A6C3176646D7055436D42772B736D7735497141593758735062376A524163444E7767796C5753592B4577316A364F396C31654971565865457577326D3776304E534578304F34335A5448353347346F4639514A6476316A644E753937707773397958772B472B75625A5A326363566F6947767269387650377A3737524B507843504777324739337978677739657A337243654C71544D547175385753395779396C364F6C674D366B74726270315A46367331777A4930366155497479497932466C673868564D5545553643315A5150692B762B567736597168756C2F3364622B387533313961656631776658654E755055346E497A584B394F55514A4B73682B5338704A38544649716B3347376E335A333939685A50773752773264474F4E7838755031792B7533722F376A33696233393766334E3750657133316F735246736244626E33616A47427A69766C557131364767336C384F454169486E61544C3679543259496D6644534271654E57464247436A39474672526F5445724D67344E646742514D36424D696B43666637392B392F7854753865342B33764C3638766B477876722F363850377937734F567A32356A5055365A4A47574B6A6D71614B66457153386678436A7A446554324D783332487646356576662F742F56763839747637582F356D665957716435756C5067787372514A543236766E566F73705444664D34584733686F6F6431344D7A362F3154506C666B4B59716D53525A31647534774F47755546383951734E4D30526241305A51626B734D706A5250337974336357366D2F7650377A484F794F704E3869722F6562616658644C4F7534596C305077754657434D466B71497241526951384A76457A3457492F4C3537426658333677306F6C76422B4C3536792B2F496E36446670587A436177365A736A514E53326F437641362B2F3275313274504A353335734437766C372F4D324851717A64494D7837474379456F696A2B494D7144784D4667593334535851454E434255454447574C64652B767765794D6F62712F334F42676A4735574C644C74376A456A30757A7531676E4136643942714D447763526F41672F36564E684E583175477231315A6555566F4C686D4B333735375266383739317655564D76356A4A776B72466F7A417A7138306C764E527576734B4F335335317163745434366763797151784C3039696B615353535A586D654361676351384B48754748344E486A715742444B42554839395774533337394430566E46436C61333365617833626E76376A78336439376257392F64726566754E6B52356F787752356B676B4F45675447756E4474557065442B6D306F2B3275336C336952583739356464667A726466662F3256394C6D54555A4E6E755767304D735657323635694C346334394E716C556A70557934572F73475A546152676C6C6B4E79515975626A324D49697651524B444B4B7A4D52445159337A755A32337437636F31726565514B435263666F5937773649376558567A66744C2B346350704F324F734E6B596C7A4D6D304847524D546B36784E456D522F7070516957386F732F4465567945302B464157313565766676624F31432B34654931496B4574484E425263705669766C4D7439467531315877794737586959643151575974314F706C624A706D6C575547414E514774774A497353794B6A5872634C435934626F6B67545341646330753231315577573633764931765635787471736A6E6E332F75627943675343312B646E61594F6C737271634379677855516A536E45465451595A55734233355043675630756C30515964422B7737463841355A66557574496A4152512B4535714C73614D6652534D6A52735661616A466C71464956336673584B3039586B46464A386C5259354342584173477375586A6D6778552F57695A732B73746C76597678744C784D3861693371315158497761393966596949514C6F2F4F736E46564C675455567351736D6E70616C5A4D384832595A685352344A4E58726F6C784F747833536863463866586B2B4A5367672F6C7864586945646F514249534F776B4E4F464E474D7130567839304B396958524A622B776F7039566554683451584D4C65776B4E4F6C6A4B432F6864657353585967486449484273446E6E315146516E784D4B62384E586A38506D647343774F676D50792B3236465668665647557A4953566871426C547A596455474C534D6F575167494E6A567654356372386468392B42314D4F6E4F56776855705062712F58734D4D5754415A6266427A456B6944646E78754F795267416733422F7552676C507936355A6D6A5364546963554D35474256346252783975436C66423666367A595445624A6848596A6E666F6578647A6E756269695067794F634D753154574D70556D496A4F78594F6958795A5449616B53413658514C4D53486A6379676E7571575972314B764A6F4A3555774A6A705A6E504A4142584C5931697A487A5943565138696830434E38743574384E327454365246706D535A38483132396F6D4F796372736E2B674F4A5846597531586D2B774A49474E42632F7A57352F38736168587775734D716B51684B69644D46614251414C68357344727464367A5049644F65674553594B7679556B416D4A2B596953436E436C7146704E614E6D496E493971315753676C4E536165624F634D71735A6F78785438784570475A593169564A34536D494A797576794F5A325151362F7A7A757641546E4744587244626245685451474639506864466568534277697A6C655272316965785A724C56716A6155492F45475A696A77427338317A50705A304A3032366B6A45566E735A423462412B58483177326530656C344D6A5851726A43536C6B7A4938546C7773527552685267464A4E2B7374784C522B56553045704731617945516E333032456C4439436F584936727062694B43387559596862755736466C6C7041594835594632675055613277335344726D6B616D4C50712B546F727759526B472F4833757A4B6773516534753155612F784E495775467869536F647979784B4A5951787064544F6E706D422B472B69785075463368394877657A483148675065475A544B7130346B416E77336A7663564B51676330554A4B777254715843504B70734A414D636A726E78534F6C6D46614B4B72695966466A4B6D7667574F523767545A6E576561384D392B4447766E674C6B555A78754A323256435349636D555A5168585A556A3662694A76592B30336C6A62585234476A61352F57784E454754487178616150395967456C482F4D6D4967664B79306E714F32787577756D4562734A6F476546384D506A5841707730755A5169356B49677953474158304B3049713152596F304D7148564B6F6945616E54543456354970524A57754B365343486D6B35695A56435A6B45517172427564697136435755543575757833715968476B573530444F78654D5131554C614B4A7561683537713378424C73415A696C38466A68596C7447746E376549635650534A4F346176672B53684D47492F36347550533458423375416D636E3549686F5431356C556B41566C317541546669345A345046495741596C326F34775A4D7151794B684B4A71334C594E4A425075376E6F69715644566E6F4D593032525A2F476F6F6E747146714134674268444C4A786C5345646B4B4E733343796D597047414776504C376370354E357A4F35726F6F454234335133675A696D4259456F736F574973704534634456747A674D742F44646C792B68786356574172566F676D6B696661536658452F6B374A416D57534153527038574757514D464F454A2F52716E4365733048476478754E346D6E5539754461445132726A6674615176414156475339326356517157734A6964546E79635A576E5854784435684D6D61745651685652494837556246757436737A56306C6661365551655971437844596B786B6F306F6D6F6C6B4341794730594B4577594D567562574D705830426759506A444F4734564B4177714571654D4D6B6A6F4E4659725A44476930386736736873504149754F423969345269634471426B6D5964306E6B64536736474E38546F62776B4E627168686533354E626A6474554C556239435970314F6848532F4C4D6144616A55646E512B2B376F625A56464C6C4B41464A70556873676E364A4C435130364356597A3538385750372F79737272423277426C4E6574634B5168555837525A30706B534B5A5174616D675549676F6D614141524751753675646951525175457775775353766C624371497972597142416D4F2B564848704D5954574C7759306730646843526958344461597238594E677459674C47664A6B4B614B6E4456564B685A544335475A39626C63686C457978454F6B5359706E3966365A494446664F50534559693931357262313964576467474E3765726D7867765A676C416F6A46386967704A564357424B4263554D4F737755306F6141566B4F544751714A6F6B51425A4130683657665256626D77464561337952532B785A42523852414248346E4F756F5756734D6F4D4E394C6E4774617A7861516D4D563534614753345530774F36345856323834394759386966676D44674C46367977746368765359476F3253395375734A5366576F4C6E426639614C5856386A445367595A4158747058435943457A557A364B783071434A6947444B6845566B446D5741776F42735A51305134324A51444678496F5345676D754454654F747A4A4A48325946446A384D367249724A7869363664396372464A4E4C4B6F41434B736443676E4237587370744A3232497470424F47784962383844492B2B45445336345154344768334E694B6B776770325434634454674E2F72427432613478796E4A744165565765524E56696B30594A347051685131624A426C6B67497030343630794978626C6E544967616E3041525778584D34434A6C316731696D665669656A6C68445437636F423977517A3555675A345079736D49426E2B5944687539637136646A66564C7965326F666A4666726B4F61464A5135614B6F314330687236384B4139627164706B356C4977714D49797A5748537268356870666B5743734D556746342F4E4B444B454A4B47366B6B45586D634F376F7256524167445A484E54716D557868733578714138364C4F6C5171745A52544F67394F58724938516E54365844576249416A327A6F6A33675034654E4C4A78644C6847715A534B72666D4E537A7779723266326B645A474D526B795639347377466D416C674574363357684D464356777733347548773967396A6F743033484776626E4248535159506F676C5043704C57702F50635354475745536C4542726E44556F555A6C495169715A51614859494B694B6D306F6941544B4A794A4D61445155336A2B4B335043717846434945556F5062476A6579736B77384870464971557335455A353371704A377456334C3379384646534F566A47685757414F716C6657376F764C584E756D487A734E4C626B575A5434784D524C43435974565A32556258344369384C6934675452496C41514553474F47732B6259674542445567456E34654C737A6C46337834784D2B37772B41576653726A6B32675067764D354D4B69646437646F2F4B753378663375446E4B5169617262616266667950685674704B4A564C4F78515333667232544872644C6A756E646844527564694D6C4F6B374E7868495079755746445559755532306C356E53685679456F717043673879614876734452627644596E39686137445959553671687970437853614A656F78694B37696143414B51416277424F32734549697234626F4453744567504F79634A4B4D5634524F655A33494B61373647705671375777334E72734E2F69736230386139516A31764B6949644E3552474956484C4A53715A364C78582F4C67505857524D4B616C3749364939784E743031673557484152656C442B334475327A50693556575538384B47546A41564E686F634777424E6958554D527570315857484F6E68615A2F49754447784C4966675A7A47754A4E6F706B41374C444744595171456B7444794773317468764144465545555A5956644838642F4264324F6A39446A445153555444576169516A6F4353534A6B7A7064506844414F61746E59615A352B57616B5831525266434C6B54716A306932594B63412B2B4B7351526343357077512F393432754E31322B42576B79615843306D597A6E364A467A6B4F535861356E443676312B64784965507762776F63676B6F444C6942593031586A50626876465159384B2B4F475044474543344D4B476F575475625042574675486736504463616B7958386D47437A462F4B53374350635053693478506C39686F554A3232387938722F2B4E4575696946484B5777737842325A594B75734952584A48694767703146746C69554C2B485342554956344935393843495A71475A4178567162694953744838344C794C3762342F48347642374943457436734F3336655A79794335304F6A36757937714249344B3838345349394467494859526B2F6D3933756444697839726A774150772F394438536C4D76706345546A54413275424A3179532F6C63384A2F526F48516353766444396E346B584B513065304B37532F72744B622F546B4343724A454378516F4143377351764568494C66594636553334424D6B3544335178564C6D5754426D41566D6150674A476D4F34776B66466E5133484471656A4133484776526572446F4F67584C524F48533348537578782B4F31322B784F7539507464684D2B677156494B453951356D4F47444B6D436763547A4D63617750734E41593666465270674B792F732B66657A54757735396B644275342F4A64537266465A52766147572F7063547567522B6878344D4C736F42686F5A41583770382F466B4954454D554646526C614475754C58465A476E64455543362F6B544A6F4B6D73472B775041767868644E7A657078327477734A64434F4665414A4234686A634C4D4D5A6751414D7679374C696243524E4A526354496E704E484A50754F324B514A644C2B654E2B633177766A2B7635596C44666A345437436239746B5266357747315376554F394A755362704F6C50526B3034626C6C6B734C7747464D45764335724971594C314D322B65706D6D43774F5649504A754A52524D52777A52556E3864423035543134336C5A5A6A6C4F6B6D524E4335686D694B4B78743549756E4C4C48592F304F4373656976694868496A5A376E70636C4255746655416472494B774B63416977516563634D34624374617256702B5032656239394F6577654E74503953487061534E75323736495574715839746F5471434973334D416F42525A51464E7153446B676D71764B6D4A7147364D454678447750706C496C4555524D5836535A306D59396568724E4B6943454A5664453356336E34705268526C6A68635A6C6763755365496653553053654F53556F474C52574471564B75524C654C626831335738454C72552B71434870696A472B71455A51364B353479476A56536B2F726C65506D2B587261626366425A3458374B4C687650444C61435A576B374676453772495967725843346C305243736D7A57597846546330454B636A657275534367666B674D4C72736F67543146572F674C64684B49777A5656454D772B42353678644C54434F59543857446D6F59632B3069617766393467574E6F584A536D427044386B4F48504A714F714C434738634238553679556F5870426A73565374316D706150394971474A7067617470364D6E6A63725634503631565066566E537336727A3475376D7A753777557179456279464978767130565A4D79456231547966596231567A63544956565653417743344B4B6B493047645248655645716175756D5864596C784F653967656547504C692B745651636E6A6F6F456D69444B745055724D61496F4B624C496B7A3649472B6E78456B595146346E6B533036337A2B48792B6767554670744B357672645161383748505A483239587974466C687A544930645473666E6A614C6356552B44636C2B316E5878722F387274332F39362F384469397266415933736D6C6F41414141415355564F524B35435949493D, 1);

-- ----------------------------
-- Table structure for users_menu
-- ----------------------------
DROP TABLE IF EXISTS `users_menu`;
CREATE TABLE `users_menu`  (
  `id_users_menu` int(11) NOT NULL,
  `menu` varchar(50) CHARACTER SET utf8 COLLATE utf8_general_ci NOT NULL,
  `link` varchar(50) CHARACTER SET utf8 COLLATE utf8_general_ci NOT NULL,
  `order_menu` int(3) NOT NULL,
  `icon` varchar(50) CHARACTER SET utf8 COLLATE utf8_general_ci NOT NULL DEFAULT '',
  PRIMARY KEY (`id_users_menu`) USING BTREE
) ENGINE = InnoDB CHARACTER SET = utf8 COLLATE = utf8_general_ci ROW_FORMAT = Dynamic;

-- ----------------------------
-- Records of users_menu
-- ----------------------------
INSERT INTO `users_menu` VALUES (1, 'config', 'config', -100, 'settings');
INSERT INTO `users_menu` VALUES (2, 'home', 'home', -2, 'home');
INSERT INTO `users_menu` VALUES (3, 'auditoria', 'audit', -1, 'security');
INSERT INTO `users_menu` VALUES (4, 'compras', 'purchase', 1, 'shopping_cart');
INSERT INTO `users_menu` VALUES (5, 'ventas', 'sale', 2, 'receipt');
INSERT INTO `users_menu` VALUES (6, 'productos', 'product', 3, 'extension');
INSERT INTO `users_menu` VALUES (7, 'reportes', 'report', 8, 'bar_chart');
INSERT INTO `users_menu` VALUES (8, 'clientes', 'customer', 4, 'people');
INSERT INTO `users_menu` VALUES (9, 'proveedores', 'supplier', 5, 'airport_shuttle');
INSERT INTO `users_menu` VALUES (11, 'bodega', 'warehouse', 7, 'store');

-- ----------------------------
-- Table structure for users_menu_level_one
-- ----------------------------
DROP TABLE IF EXISTS `users_menu_level_one`;
CREATE TABLE `users_menu_level_one`  (
  `id_users_menu_level_one` int(11) UNSIGNED NOT NULL AUTO_INCREMENT,
  `id_users_menu` int(11) NULL DEFAULT NULL,
  `name` varchar(50) CHARACTER SET utf8 COLLATE utf8_general_ci NULL DEFAULT NULL,
  PRIMARY KEY (`id_users_menu_level_one`) USING BTREE,
  INDEX `users_menu_level_one_fk`(`id_users_menu`) USING BTREE,
  CONSTRAINT `users_menu_level_one_fk` FOREIGN KEY (`id_users_menu`) REFERENCES `users_menu` (`id_users_menu`) ON DELETE RESTRICT ON UPDATE RESTRICT
) ENGINE = InnoDB AUTO_INCREMENT = 2 CHARACTER SET = utf8 COLLATE = utf8_general_ci ROW_FORMAT = Dynamic;

-- ----------------------------
-- Records of users_menu_level_one
-- ----------------------------
INSERT INTO `users_menu_level_one` VALUES (1, 11, 'extracto de facturas');
INSERT INTO `users_menu_level_one` VALUES (2, 11, 'informe general');

-- ----------------------------
-- Table structure for users_privileges
-- ----------------------------
DROP TABLE IF EXISTS `users_privileges`;
CREATE TABLE `users_privileges`  (
  `id_users_privileges` int(11) NOT NULL AUTO_INCREMENT,
  `id_users_roles` int(11) NOT NULL,
  `id_users_menu` int(11) NOT NULL,
  PRIMARY KEY (`id_users_privileges`, `id_users_roles`, `id_users_menu`) USING BTREE,
  INDEX `id_users_roles`(`id_users_roles`) USING BTREE,
  INDEX `id_users_menu`(`id_users_menu`) USING BTREE,
  CONSTRAINT `users_privileges_ibfk_1` FOREIGN KEY (`id_users_menu`) REFERENCES `users_menu` (`id_users_menu`) ON DELETE RESTRICT ON UPDATE RESTRICT,
  CONSTRAINT `users_privileges_ibfk_2` FOREIGN KEY (`id_users_roles`) REFERENCES `users_roles` (`id_users_roles`) ON DELETE RESTRICT ON UPDATE RESTRICT
) ENGINE = InnoDB AUTO_INCREMENT = 11 CHARACTER SET = utf8 COLLATE = utf8_general_ci ROW_FORMAT = Dynamic;

-- ----------------------------
-- Records of users_privileges
-- ----------------------------
INSERT INTO `users_privileges` VALUES (1, 5, 1);
INSERT INTO `users_privileges` VALUES (2, 5, 2);
INSERT INTO `users_privileges` VALUES (3, 5, 3);
INSERT INTO `users_privileges` VALUES (4, 5, 4);
INSERT INTO `users_privileges` VALUES (5, 5, 5);
INSERT INTO `users_privileges` VALUES (6, 5, 6);
INSERT INTO `users_privileges` VALUES (7, 5, 7);
INSERT INTO `users_privileges` VALUES (8, 5, 8);
INSERT INTO `users_privileges` VALUES (9, 5, 9);
INSERT INTO `users_privileges` VALUES (10, 5, 11);

-- ----------------------------
-- Table structure for users_roles
-- ----------------------------
DROP TABLE IF EXISTS `users_roles`;
CREATE TABLE `users_roles`  (
  `id_users_roles` int(11) NOT NULL,
  `name` varchar(100) CHARACTER SET utf8 COLLATE utf8_general_ci NOT NULL,
  PRIMARY KEY (`id_users_roles`) USING BTREE
) ENGINE = InnoDB CHARACTER SET = utf8 COLLATE = utf8_general_ci ROW_FORMAT = Dynamic;

-- ----------------------------
-- Records of users_roles
-- ----------------------------
INSERT INTO `users_roles` VALUES (1, 'ADMIN');
INSERT INTO `users_roles` VALUES (2, 'AUTHOR');
INSERT INTO `users_roles` VALUES (4, 'CONSULTANT');
INSERT INTO `users_roles` VALUES (5, 'DEVELOPER');
INSERT INTO `users_roles` VALUES (16, 'CONSUMER');

-- ----------------------------
-- Table structure for users_validation
-- ----------------------------
DROP TABLE IF EXISTS `users_validation`;
CREATE TABLE `users_validation`  (
  `id_users_validation` int(11) NOT NULL,
  `id_users_roles` int(11) NOT NULL,
  `id_users` int(11) NOT NULL,
  `status` tinyint(1) NULL DEFAULT NULL,
  `verified` tinyint(1) NULL DEFAULT NULL,
  PRIMARY KEY (`id_users_validation`, `id_users_roles`, `id_users`) USING BTREE,
  INDEX `id_users_roles`(`id_users_roles`) USING BTREE,
  INDEX `users_validation_id_users_fk`(`id_users`) USING BTREE,
  CONSTRAINT `users_validation_id_users_fk` FOREIGN KEY (`id_users`) REFERENCES `users` (`id_users`) ON DELETE RESTRICT ON UPDATE RESTRICT,
  CONSTRAINT `users_validation_id_users_roles_fk` FOREIGN KEY (`id_users_roles`) REFERENCES `users_roles` (`id_users_roles`) ON DELETE RESTRICT ON UPDATE RESTRICT
) ENGINE = InnoDB CHARACTER SET = utf8 COLLATE = utf8_general_ci ROW_FORMAT = Dynamic;

-- ----------------------------
-- Records of users_validation
-- ----------------------------
INSERT INTO `users_validation` VALUES (1, 5, 10, 1, 1);

-- ----------------------------
-- View structure for view_information_users
-- ----------------------------
DROP VIEW IF EXISTS `view_information_users`;
CREATE ALGORITHM = UNDEFINED SQL SECURITY DEFINER VIEW `view_information_users` AS select `users`.`id_users` AS `id`,`users`.`username` AS `username`,`users`.`email` AS `email`,`users_information`.`first_name` AS `first_name`,`users_information`.`first_surname` AS `last_name`,`users_information`.`phone` AS `phone` from (`users` join `users_information` on((`users_information`.`id_users` = `users`.`id_users`)));

-- ----------------------------
-- View structure for view_menu
-- ----------------------------
DROP VIEW IF EXISTS `view_menu`;
CREATE ALGORITHM = UNDEFINED SQL SECURITY DEFINER VIEW `view_menu` AS select `u`.`id_users` AS `id`,`u`.`username` AS `username`,`u`.`email` AS `email`,`ur`.`name` AS `name`,`um`.`menu` AS `menu`,`um`.`link` AS `link`,`um`.`icon` AS `icon` from ((((`users` `u` join `users_validation` `uv` on((`uv`.`id_users` = `u`.`id_users`))) join `users_roles` `ur` on((`ur`.`id_users_roles` = `uv`.`id_users_roles`))) join `users_privileges` `up` on((`up`.`id_users_roles` = `ur`.`id_users_roles`))) join `users_menu` `um` on((`um`.`id_users_menu` = `up`.`id_users_menu`))) order by `um`.`order_menu`;

-- ----------------------------
-- View structure for view_menus
-- ----------------------------
DROP VIEW IF EXISTS `view_menus`;
CREATE ALGORITHM = UNDEFINED SQL SECURITY DEFINER VIEW `view_menus` AS select `u`.`id_users` AS `id`,`u`.`username` AS `username`,`u`.`email` AS `email`,`ur`.`name` AS `name`,`um`.`menu` AS `menu`,`um`.`link` AS `link`,`um`.`icon` AS `icon` from ((((`users` `u` join `users_validation` `uv` on((`uv`.`id_users` = `u`.`id_users`))) join `users_roles` `ur` on((`ur`.`id_users_roles` = `uv`.`id_users_roles`))) join `users_privileges` `up` on((`up`.`id_users_roles` = `ur`.`id_users_roles`))) join `users_menu` `um` on((`um`.`id_users_menu` = `up`.`id_users_menu`))) order by `um`.`order_menu`;

-- ----------------------------
-- View structure for view_privileges
-- ----------------------------
DROP VIEW IF EXISTS `view_privileges`;
CREATE ALGORITHM = UNDEFINED SQL SECURITY DEFINER VIEW `view_privileges` AS select `u`.`id_users` AS `id`,`u`.`username` AS `username`,`u`.`email` AS `email`,`ur`.`name` AS `name`,`um`.`menu` AS `menu`,`um`.`link` AS `link`,`um`.`icon` AS `icon` from ((((`users` `u` join `users_validation` `uv` on((`uv`.`id_users` = `u`.`id_users`))) join `users_roles` `ur` on((`ur`.`id_users_roles` = `uv`.`id_users_roles`))) join `users_privileges` `up` on((`up`.`id_users_roles` = `ur`.`id_users_roles`))) join `users_menu` `um` on((`um`.`id_users_menu` = `up`.`id_users_menu`))) order by `um`.`order_menu`;

-- ----------------------------
-- View structure for view_submenus
-- ----------------------------
DROP VIEW IF EXISTS `view_submenus`;
CREATE ALGORITHM = UNDEFINED SQL SECURITY DEFINER VIEW `view_submenus` AS select `u`.`id_users` AS `id`,`u`.`username` AS `username`,`u`.`email` AS `email`,`ur`.`name` AS `name`,`um`.`menu` AS `menu`,`um`.`link` AS `link`,`um1`.`name` AS `submenu1` from (((((`users` `u` join `users_validation` `uv` on((`uv`.`id_users` = `u`.`id_users`))) join `users_roles` `ur` on((`ur`.`id_users_roles` = `uv`.`id_users_roles`))) join `users_privileges` `up` on((`up`.`id_users_roles` = `ur`.`id_users_roles`))) join `users_menu` `um` on((`um`.`id_users_menu` = `up`.`id_users_menu`))) left join `users_menu_level_one` `um1` on((`um1`.`id_users_menu` = `um`.`id_users_menu`))) order by `um`.`order_menu`;

SET FOREIGN_KEY_CHECKS = 1;
